[
    {
        "name": "Microsoft Professional Program in Front-End Web Development",
        "subtitle": "Gain the skills to become a front-end web developer.",
        "availability": "Current",
        "imgsrc": "https://www.edx.org/sites/default/files/fed_dve_378x225.jpg",
        "imgalt": "Learn more about Microsoft Professional Program in Front-End Web Development"
        
    },
     {
        "name": "Microsoft Professional Program in Front-End Web Development",
        "subtitle": "Gain the skills to become a front-end web developer.",
        "availability": "Current",
        "imgsrc": "https://www.edx.org/sites/default/files/fed_dve_378x225.jpg",
        "imgalt": "Learn more about Microsoft Professional Program in Front-End Web Development"
        
    }
]